"XV1","XV2","XV3","XV4","XV5","XV6","XV7"
"Seq1113","GAGCCACCTTACAAATAAGC","TAGGGACACTTATATTTCGC",2605,9945,1,2
"Seq1481","TATTAATAAATGGATCCTAC","TAGCACTTATACTAAATAAC",3230,4582,1,2
"Seq1512","TTACAACCCAAGAACACATA","TCGTTGTAGCCATCATTATA",3266,8001,1,3
"Seq1545","TAGCCATAATATGATTTATC","AAACCCAACCTAATATTTTC",3311,4893,1,2
"Seq1569","AGCAGAAACAAACCGGGCCC","AGAACTAACACTAATAGCCC",3339,11481,1,4
"Seq1871","CGAAAACGTTGGTTTAAATC","TACAATGCTAAAAATTATTC",3901,10182,1,2
"Seq2192","GGAACATGAATATTTCAACA","GTAATTACAGGCTTCCGACA",4176,8282,1,3
"Seq2280","TTACCAGAAGTAACTCAAGG","TCCCTAATCATATTTATTGG",4275,8165,1,2
"Seq2587","TCTCACTGATATTACTATCC","CTTCATTCTTCTACTATCCC",4663,11793,1,2
"Seq2600","TATTACTATCCCTAGGAGGC","TACTCAGACTACCCAGATGC",4672,6664,1,2
"Seq2864","TAAGCACAATAACCCTACCC","TAAGCTCCATACCAATCCCC",4927,10056,1,3
"Seq316","AAACCCTAAAAAGGTATTAA","AACCAACAATAACTCAAAAA",717,4850,1,2
"Seq3237","ATGCAGGAGCATCAGTAGAC","CTCCATTATTCTAGACCCAC",5759,10923,1,2
"Seq3372","AACACAACTTTCTTTGATCC","TTTCCCATCTATTATTCACC",5992,13344,1,2
"Seq3590","TGTTCACTGATTCCCATTAT","CTACTATCCCCAATCCTAAT",6525,11803,1,2
"Seq3641","ATCATATTCGTAGGAGTAAA","AACCTACTACAATGCTAAAA",6592,10175,1,3
"Seq3654","AGTAAACATAACATTCTTCC","GCCATCTACCTTCTTCAACC",6606,9898,1,2
"Seq3661","CTTCCCTCAACATTTCCTGG","GGATCAACAAATCTCCTAGG",6621,8183,1,2
"Seq3800","GAAAGGAAGGAATCGAACCC","TAAAAACGATCCACCAAACC",6892,13937,1,2
"Seq3981","CAGCTGTAATCCTTATCATA","TCAAGTAGCACAACTATATA",7237,13640,1,3
"Seq4147","TGCCATCCCAGGCCGACTAA","AGGAATTATCGAAGACAAAA",7550,15270,1,2
"Seq4315","AGTCTCATCACAAACATTCC","CTCTTCACACAAACATAACC",7865,13463,1,2
"Seq4388","ATTTGCCTCATTCATTACCC","CAGTAACTTCCCTAAACTCC",7960,10029,1,2
"Seq4443","ATTTCCTTCAATCCTATTCC","ATTTGGTCTATTAATCTACC",8020,15693,1,2
"Seq4445","CCTTCAATCCTATTCCCATC","CATTACACCCATAAAATCTC",8024,13365,1,2
"Seq4531","TTAAACTTATTATCAAACAA","TAAACCTAAACCTCCATAAA",8094,13994,1,2
"Seq4532","TTAAACTTATTATCAAACAA","CCAAGACAACCAACCAAAAA",8094,14037,1,2
"Seq4605","AATTGTTTCCCTAATCATAT","TTCCATGGACTCCATGTAAT",8158,9232,1,2
"Seq4670","ATACATTTACACCTACTACC","TTCATAATTACCAATATGCC",8214,9881,1,2
"Seq4714","CTTCCGACACAAACTAAAAA","TAAGCACACAAATTAAAAAA",8293,13771,1,5
"Seq4923","TAACTGGAGCCTTTTCAGCC","CTAACCTGACTATCAAGCCC",8678,10225,1,2
"Seq5005","AATATCCTCACAATATATCA","TTCCAGTCCTCACAATACCA",8773,13190,1,2
"Seq5373","TCTAGTTGCATTCTGACTCC","AACTATATATTGCCGCTACC",9531,13651,1,2
"Seq5374","TCTAGTTGCATTCTGACTCC","CCTCCTCTTAATGCCAAACC",9531,16122,1,2
"Seq5390","TCTGTACTCAGAAAAAGCAA","ACCAAAAACCTTGGTGCAAA",9561,11727,1,2
"Seq5469","TCTACTATAATAATTATAGC","CTCCATAAATAGGTGAAGGC",9730,14005,1,2
"Seq5628","TTATAACTTCAGTAACTTCC","AGCTATAGTTTGATTTTCCC",10020,12312,1,2
"Seq5629","TTATAACTTCAGTAACTTCC","AAAATCTCTCAACCTAAGCC",10020,13377,1,2
"Seq5747","AACCTACTACAATGCTAAAA","AACACACCCATTATTTAAAA",10175,14181,1,5
"Seq5764","ATGCTAAAAATTATTCTTCC","GGACTTCAAATGGTCTTCCC",10186,11224,1,2
"Seq5922","TCTATGACAAACCGACGAAA","AATAGGAAACATCACAAAAA",10308,12834,1,3
"Seq5923","TCTATGACAAACCGACGAAA","CCAAGACAACCAACCAAAAA",10308,14037,1,3
"Seq5924","TCTATGACAAACCGACGAAA","TTAATGCCAAACCCCAAAAA",10308,16129,1,3
"Seq5961","AAATATATTCTCCTCAGACC","TTCATTATTAGCCTCTTACC",10344,11890,1,3
"Seq6019","CAGCCTGATTACTGCCACTA","ATTCAAGTAGCACAACTATA",10391,13638,1,2
"Seq6047","TAATAGCTAGCCAAAACCAC","ATGCCAAACCCCAAAAACAC",10415,16132,1,3
"Seq6080","ATAATAACGTACTACAAAAA","TGAATATAGTTTACAAAAAA",10445,11565,1,5
"Seq6112","CAATACTAATCAGCTTACAA","TAAACCTAAACCTCCATAAA",10475,13994,1,2
"Seq6177","GCAACCTTAATCCCAACACT","TCCCCTTCCCCATTTGGTCT",10555,15682,1,2
"Seq6231","TTTATTTCCTATTTTATACC","AAAACCGCGTTTTCCCCCCC",10625,13059,1,2
"Seq6254","CTATTCCACTGCTAATTGCC","TAACTCCAACATCATCAACC",10655,13690,1,2
"Seq6276","TCCAAAACCATGTAGGAACC","AACCCACTAACAATTAAACC",10685,13980,1,4
"Seq6612","GCAAACTCCAACTACGAACG","AACTATTAAACCTAAAAACG",11173,13925,1,4
"Seq6630","GGATCCACAGCCGTACTATA","TAATTAAATTGTACTTTATA",11192,13508,1,4
"Seq6845","CATATAATTAACCTCCAACC","ACTGGTCCGATTCCACCCCC",11449,12537,1,2
"Seq6846","CATATAATTAACCTCCAACC","ATTGCCGCTACCCCAATCCC",11449,13659,1,2
"Seq6847","CATATAATTAACCTCCAACC","TTACAGGTCTTTTCTTAGCC",11449,14300,1,2
"Seq6881","GAGAACTAACACTAATAGCC","TATACTTTGCCTCGGAGCCC",11480,12588,1,2
"Seq6920","AATTCCACTTATTCTTCTAA","TAATCACCCCCAATACTAAA",11508,13798,1,2
"Seq7125","TCTTCATTCTTCTACTATCC","AACTCTCCAAACCCCCCACC",11792,16101,1,2
"Seq7180","AATTAAACACATCAACTTCC","CTCTTCACACAAACATAACC",11838,13463,1,2
"Seq72","TAAGGAGAGGGTATCAAGCA","CCCTAGCTATCATAAGCACA",187,4915,1,2
"Seq7372","TCCTGATTACCATGCTTATC","CATTACACCCATAAAATCTC",12131,13365,1,2
"Seq7480","TAGCTATAGTTTGATTTTCC","ACCCTAGTATTATTTTTCCC",12311,14884,1,2
"Seq7553","TTAATCGCAGCTACAGGAAA","CTTGATCTGGTTAGAAAAAA",12409,13422,1,3
"Seq7682","CGGAGCCCTAACCACATTAT","CCCAAACCATCAAGATTAAT",12600,13728,1,2
"Seq8033","GCAACACCAACGCCTGAGCC","ACCATTTATTATCGCGGCCC",12965,14718,1,2
"Seq8180","TGACCCAGACCTCATAAACC","CTACCATCCTCCGTGAAACC",13098,15708,1,5
"Seq8747","TATTGCCGCTACCCCAATCC","GGTCTATTAATCTACCATCC",13658,15697,1,4
"Seq9082","CGATCCACCAAACCCTAAAA","TTAATGCCAAACCCCAAAAA",13943,16129,1,4
"Seq9904","TATTCCGCCCAATCACACAA","CTTAATGCCAAACCCCAAAA",15110,16128,1,2
"Seq1505","CTACAAACACTTATTACAAC","TAACAATATTTCCAACCAAC",3253,4837,2,4
"Seq2448","TTCTTCCTTACAACCCATCC","TGCTAAAAATTATTCTTCCC",4510,10187,2,2
"Seq3757","TATCAGTATCGTATGCTTCA","CATCATAATAATTAAGCACA",6794,13759,2,2
"Seq4334","CCACTGGCACCTTCACCAAA","ACCGCATTACACCCATAAAA",7884,13361,2,3
"Seq4682","TACTACCCAACTATCCATAA","CTTTAACAACCAACCAAAAA",8227,13484,2,2
"Seq5140","GAAACCACATAAATCAAGCC","CTAACCTGACTATCAAGCCC",9092,10225,2,2
"Seq5786","TCCCTCACTAATGCTACTAC","TCACACACACGAGAACTAAC",10203,11470,2,2
"Seq5830","ACTAACCTGACTATCAAGCC","AACCCACTAACAATTAAACC",10224,13980,2,2
"Seq6325","GTTGGCATGCATAATAGCAT","TACTTCTCAATCATCTTAAT",10773,15235,2,2
"Seq6882","GAGAACTAACACTAATAGCC","GCCGCTACCCCAATCCCTCC",11480,13662,2,2
"Seq8748","TATTGCCGCTACCCCAATCC","TCTCCAAACCCCCCACCCCC",13658,16104,2,2
"Seq2312","CATGACAAAAAATTGCTCCC","TTCATTCTTCTACTATCCCC",4327,11794,3,3
"Seq2489","CTATATTATTCTTACAGCCC","TTCATTCTTCTACTATCCCC",4553,11794,3,3
"Seq291","ATCTCTTGCTAATTCAGCCT","ATATTATTCTTACAGCCCCT",678,4555,3,3
"Seq3287","TATTATCAACATGAAACCCC","GTTTTCTAATTAGTTTAACC",5847,10277,3,2
"Seq4495","TCAACAACCGTCTCCATTCT","CCGCTACCCCAATCCCTCCT",8058,13663,3,2
"Seq4925","TAACTGGAGCCTTTTCAGCC","ATTGCCGCTACCCCAATCCC",8678,13659,3,2
"Seq5697","AAGCAGCTGTAGGACTAGCC","CAACACCAACGCCTGAGCCC",10104,12966,3,2
"Seq6255","CTATTCCACTGCTAATTGCC","TCTCCAAACCCCCCACCCCC",10655,16104,3,2
"Seq7596","ACCATCAGCAATAGAAGGCC","ACCATTTATTATCGCGGCCC",12459,14718,3,2
"Seq7887","ACGAACAAGACATCCGAAAA","CCAAGACAACCAACCAAAAA",12815,14037,3,4
"Seq2223","TTAACATAACATTAATAGCC","AGAACTAACACTAATAGCCC",4216,11481,4,2
"Seq5391","TCTGTACTCAGAAAAAGCAA","CTATCAATAAATAAAGCAAA",9561,13291,4,2
"Seq5141","GAAACCACATAAATCAAGCC","CAACACCAACGCCTGAGCCC",9092,12966,5,2
"Seq3652","AGTAAACATAACATTCTTCC","TGCTAAAAATTATTCTTCCC",6606,10187,6,2
